CREATE SEQUENCE TBLRUJKATEGORITINDAKAN_SEQ
  START WITH 1
  MAXVALUE 999999999
  MINVALUE 1
  NOCYCLE
  NOCACHE
  ORDER;

CREATE TABLE TBLRUJKATEGORITINDAKAN
(
  ID_KATEGORITINDAKAN   NUMBER(38),
  KATEGORITINDAKAN      VARCHAR2(300 BYTE),
  ID_MASUK              NUMBER,
  ID_KEMASKINI          NUMBER,
  TARIKH_MASUK          DATE,
  TARIKH_KEMASKINI      DATE,
  KATEGORITINDAKAN_ENG  VARCHAR2(300 BYTE)
)
TABLESPACE ETAPP01
PCTUSED    0
PCTFREE    10
INITRANS   1
MAXTRANS   255
STORAGE    (
            INITIAL          2M
            MINEXTENTS       1
            MAXEXTENTS       UNLIMITED
            PCTINCREASE      0
            BUFFER_POOL      DEFAULT
           )
LOGGING 
NOCOMPRESS 
NOCACHE
NOPARALLEL
MONITORING;

ALTER TABLE TBLRUJKATEGORITINDAKAN ADD (
  CONSTRAINT TBLRUJKATEGORITINDAKAN_PK
 PRIMARY KEY
 (ID_KATEGORITINDAKAN));
 
 CREATE OR REPLACE TRIGGER TBLRUJKATEGORITINDAKAN_BI    
before insert on     TBLRUJKATEGORITINDAKAN    for each row
begin    if :new.ID_KATEGORITINDAKAN    is null    then SELECT (SELECT kod_negeri FROM tbllookupstate) || TO_CHAR (SYSDATE, 'YY') || TBLRUJKATEGORITINDAKAN_SEQ.NEXTVAL into :new.ID_KATEGORITINDAKAN  from dual; end if;    end;
/








CREATE SEQUENCE TBLADUANPUBLIC_SEQ
  START WITH 1
  MAXVALUE 999999999
  MINVALUE 1
  NOCYCLE
  NOCACHE
  ORDER;
  
CREATE TABLE TBLADUANPUBLIC
(
	ID_ADUANPUBLIC NUMBER(38),--SEQ
	ID_STATUS NUMBER(38),
	NO_ADUAN VARCHAR2(100 BYTE),
	ID_SUMBERADUAN NUMBER(38),	
	ID_PENGADU NUMBER(38),
	ID_PEGAWAI_UI NUMBER(38),
	ID_PEGAWAI_BAHAGIAN NUMBER(38),
	TARIKH_ADUAN DATE,
	TARIKH_TERIMA_ADUAN_UI DATE,
	TARIKH_TERIMA_ADUAN_BAHAGIAN DATE,
	TARIKH_ADUAN_SELESAI DATE,
	NAMA_PENGADU VARCHAR2(200 BYTE),
	EMEL_PENGADU VARCHAR2(100 BYTE),
	TEL_PENGADU VARCHAR2(100 BYTE),	
	ID_JENISADUAN NUMBER(38),
	ID_KATEGORIADUAN NUMBER(38),
	FLAG_HIDE_INFO NUMBER(1),
	JAM VARCHAR2(2 BYTE),
	MINIT VARCHAR2(2 BYTE),
	JENIS_WAKTU VARCHAR2(2 BYTE),
	SUBJEK_ADUAN VARCHAR2(1000 BYTE),	
	TARIKH_KEJADIAN DATE,
	LOKASI_KEJADIAN  VARCHAR2(1000 BYTE),
	ID_NEGERI NUMBER(38),
	ID_DAERAH NUMBER(38),
	NAMA_PIHAK_TERLIBAT  VARCHAR2(1000 BYTE),
	KETERANGAN_ADUAN  VARCHAR2(4000 BYTE),
	ID_JENISTINDAKAN NUMBER(38),
	ID_BAHAGIAN NUMBER(38),
	ID_NEGERI_BAHAGIAN NUMBER(38),
	ID_SUMBERTINDAKAN NUMBER(38),	
	NAMA_PEGAWAI_BAHAGIAN VARCHAR2(1000 BYTE),
	EMEL_PEGAWAI_BAHAGIAN VARCHAR2(100 BYTE),
	TEL_PEGAWAI_BAHAGIAN VARCHAR2(100 BYTE),
	ID_MASUK NUMBER,
	ID_KEMASKINI NUMBER,
	TARIKH_MASUK DATE,
	TARIKH_KEMASKINI DATE  
)
TABLESPACE ETAPP01
PCTUSED    0
PCTFREE    10
INITRANS   1
MAXTRANS   255
STORAGE    (
            INITIAL          2M
            MINEXTENTS       1
            MAXEXTENTS       UNLIMITED
            PCTINCREASE      0
            BUFFER_POOL      DEFAULT
           )
LOGGING 
NOCOMPRESS 
NOCACHE
NOPARALLEL
MONITORING;

ALTER TABLE TBLADUANPUBLIC ADD (
  CONSTRAINT TBLADUANPUBLIC_PK
 PRIMARY KEY
 (ID_ADUANPUBLIC));
 
CREATE OR REPLACE TRIGGER TBLADUANPUBLIC_BI    
before insert on     TBLADUANPUBLIC    for each row
begin    if :new.ID_ADUANPUBLIC    is null    then SELECT (SELECT kod_negeri FROM tbllookupstate) || TO_CHAR (SYSDATE, 'YY') || TBLADUANPUBLIC_SEQ.NEXTVAL into :new.ID_ADUANPUBLIC  from dual; end if;    end;
/













CREATE SEQUENCE TBLADUANPUBLICLAMPIRAN_SEQ
  START WITH 1
  MAXVALUE 999999999
  MINVALUE 1
  NOCYCLE
  NOCACHE
  ORDER;
  
CREATE TABLE TBLADUANPUBLICLAMPIRAN
(
	ID_ADUANPUBLICLAMPIRAN NUMBER(38),--SEQ
	NAMA_LAMPIRAN VARCHAR2(200 BYTE),
	JENIS_MIME VARCHAR2(200 BYTE),
	ID_ADUANPUBLIC NUMBER,
	CONTENT BLOB,	
	ID_MASUK NUMBER,
	ID_KEMASKINI NUMBER,
	TARIKH_MASUK DATE,
	TARIKH_KEMASKINI DATE  
)
TABLESPACE ETAPP01
PCTUSED    0
PCTFREE    10
INITRANS   1
MAXTRANS   255
STORAGE    (
            INITIAL          2M
            MINEXTENTS       1
            MAXEXTENTS       UNLIMITED
            PCTINCREASE      0
            BUFFER_POOL      DEFAULT
           )
LOGGING 
NOCOMPRESS 
NOCACHE
NOPARALLEL
MONITORING;

ALTER TABLE TBLADUANPUBLICLAMPIRAN ADD (
  CONSTRAINT TBLADUANPUBLICLAMPIRAN_PK
 PRIMARY KEY
 (ID_ADUANPUBLICLAMPIRAN));
 
CREATE OR REPLACE TRIGGER TBLADUANPUBLICLAMPIRAN_BI    
before insert on     TBLADUANPUBLICLAMPIRAN    for each row
begin    if :new.ID_ADUANPUBLICLAMPIRAN    is null    then SELECT (SELECT kod_negeri FROM tbllookupstate) || TO_CHAR (SYSDATE, 'YY') || TBLADUANPUBLICLAMPIRAN_SEQ.NEXTVAL into :new.ID_ADUANPUBLICLAMPIRAN  from dual; end if;    end;
/






CREATE SEQUENCE TBLADUANPUBLICNOTIFIKASI_SEQ
  START WITH 1
  MAXVALUE 999999999
  MINVALUE 1
  NOCYCLE
  NOCACHE
  ORDER;
  
CREATE TABLE TBLADUANPUBLICNOTIFIKASI
(
	ID_ADUANPUBLICNOTIFIKASI NUMBER(38),--SEQ
	ID_HANTAR NUMBER,
	ID_TERIMA NUMBER,
	ID_ADUANPUBLIC NUMBER,
	FLAG_READ VARCHAR2(5 BYTE),
	ID_STATUS NUMBER,
	ID_MASUK NUMBER,
	ID_KEMASKINI NUMBER,
	TARIKH_MASUK DATE,
	TARIKH_KEMASKINI DATE  
)
TABLESPACE ETAPP01
PCTUSED    0
PCTFREE    10
INITRANS   1
MAXTRANS   255
STORAGE    (
            INITIAL          2M
            MINEXTENTS       1
            MAXEXTENTS       UNLIMITED
            PCTINCREASE      0
            BUFFER_POOL      DEFAULT
           )
LOGGING 
NOCOMPRESS 
NOCACHE
NOPARALLEL
MONITORING;

ALTER TABLE TBLADUANPUBLICNOTIFIKASI ADD (
  CONSTRAINT TBLADUANPUBLICNOTIFIKASI_PK
 PRIMARY KEY
 (ID_ADUANPUBLICNOTIFIKASI));
 
CREATE OR REPLACE TRIGGER TBLADUANPUBLICNOTIFIKASI_BI    
before insert on     TBLADUANPUBLICNOTIFIKASI    for each row
begin    if :new.ID_ADUANPUBLICNOTIFIKASI    is null    then SELECT (SELECT kod_negeri FROM tbllookupstate) || TO_CHAR (SYSDATE, 'YY') || TBLADUANPUBLICNOTIFIKASI_SEQ.NEXTVAL into :new.ID_ADUANPUBLICNOTIFIKASI  from dual; end if;    end;
/






CREATE SEQUENCE TBLRUJKATEGORIADUANPUBLIC_SEQ
  START WITH 1
  MAXVALUE 999999999
  MINVALUE 1
  NOCYCLE
  NOCACHE
  ORDER;
  
CREATE TABLE TBLRUJKATEGORIADUANPUBLIC
(
	ID_KATEGORIADUANPUBLIC NUMBER(38),--SEQ	
	KATEGORIADUAN VARCHAR2(300 BYTE),
	KATEGORIADUAN_ENG VARCHAR2(300 BYTE),
	ID_MASUK NUMBER,
	ID_KEMASKINI NUMBER,
	TARIKH_MASUK DATE,
	TARIKH_KEMASKINI DATE  
)
TABLESPACE ETAPP01
PCTUSED    0
PCTFREE    10
INITRANS   1
MAXTRANS   255
STORAGE    (
            INITIAL          2M
            MINEXTENTS       1
            MAXEXTENTS       UNLIMITED
            PCTINCREASE      0
            BUFFER_POOL      DEFAULT
           )
LOGGING 
NOCOMPRESS 
NOCACHE
NOPARALLEL
MONITORING;

ALTER TABLE TBLRUJKATEGORIADUANPUBLIC ADD (
  CONSTRAINT TBLRUJKATEGORIADUANPUBLIC_PK
 PRIMARY KEY
 (ID_KATEGORIADUANPUBLIC));
 
CREATE OR REPLACE TRIGGER TBLRUJKATEGORIADUANPUBLIC_BI    
before insert on     TBLRUJKATEGORIADUANPUBLIC    for each row
begin    if :new.ID_KATEGORIADUANPUBLIC    is null    then SELECT (SELECT kod_negeri FROM tbllookupstate) || TO_CHAR (SYSDATE, 'YY') || TBLRUJKATEGORIADUANPUBLIC_SEQ.NEXTVAL into :new.ID_KATEGORIADUANPUBLIC  from dual; end if;    end;
/

DELETE FROM TBLRUJKATEGORIADUANPUBLIC;

Insert into TBLRUJKATEGORIADUANPUBLIC
   (ID_KATEGORIADUANPUBLIC, KATEGORIADUAN, ID_MASUK, ID_KEMASKINI, TARIKH_MASUK, 
    TARIKH_KEMASKINI, KATEGORIADUAN_ENG)
 Values
   (16173, 'RASUAH', NULL, NULL, NULL, 
    NULL, 'BRIBERY');
Insert into TBLRUJKATEGORIADUANPUBLIC
   (ID_KATEGORIADUANPUBLIC, KATEGORIADUAN, ID_MASUK, ID_KEMASKINI, TARIKH_MASUK, 
    TARIKH_KEMASKINI, KATEGORIADUAN_ENG)
 Values
   (16174, 'PENYELEWENGAN', NULL, NULL, NULL, 
    NULL, 'MISAPPROPRIATION');
Insert into TBLRUJKATEGORIADUANPUBLIC
   (ID_KATEGORIADUANPUBLIC, KATEGORIADUAN, ID_MASUK, ID_KEMASKINI, TARIKH_MASUK, 
    TARIKH_KEMASKINI, KATEGORIADUAN_ENG)
 Values
   (16175, 'SALAH GUNA KUASA', NULL, NULL, NULL, 
    NULL, 'ABUSE OF POWER');
Insert into TBLRUJKATEGORIADUANPUBLIC
   (ID_KATEGORIADUANPUBLIC, KATEGORIADUAN, ID_MASUK, ID_KEMASKINI, TARIKH_MASUK, 
    TARIKH_KEMASKINI, KATEGORIADUAN_ENG)
 Values
   (16176, 'KELEMAHAN SISTEM & TATACARA', NULL, NULL, NULL, 
    NULL, 'LOOPHOLES IN SYSTEM & PROCEDURES');
Insert into TBLRUJKATEGORIADUANPUBLIC
   (ID_KATEGORIADUANPUBLIC, KATEGORIADUAN, ID_MASUK, ID_KEMASKINI, TARIKH_MASUK, 
    TARIKH_KEMASKINI, KATEGORIADUAN_ENG)
 Values
   (16177, 'SALAH LAKU', NULL, NULL, NULL, 
    NULL, 'MISCONDUCT');
Insert into TBLRUJKATEGORIADUANPUBLIC
   (ID_KATEGORIADUANPUBLIC, KATEGORIADUAN, ID_MASUK, ID_KEMASKINI, TARIKH_MASUK, 
    TARIKH_KEMASKINI, KATEGORIADUAN_ENG)
 Values
   (16178, 'LAIN-LAIN', NULL, NULL, NULL, 
    NULL, 'OTHERS');
Insert into TBLRUJKATEGORIADUANPUBLIC
   (ID_KATEGORIADUANPUBLIC, KATEGORIADUAN, ID_MASUK, ID_KEMASKINI, TARIKH_MASUK, 
    TARIKH_KEMASKINI, KATEGORIADUAN_ENG)
 Values
   (16179, 'KAWASAN/TANAH TERBIAR', NULL, NULL, NULL, 
    NULL, 'OTHERS');



    
  ALTER TABLE
   TBLRUJKATEGORITINDAKAN
   ADD
   (
   KATEGORITINDAKAN_ENG VARCHAR2(300 BYTE)
   );
   
   Insert into TBLRUJKATEGORITINDAKAN
   (ID_KATEGORITINDAKAN, KATEGORITINDAKAN, ID_MASUK, ID_KEMASKINI, TARIKH_MASUK, 
    TARIKH_KEMASKINI, KATEGORITINDAKAN_ENG)
 Values
   (16171, 'JKPTG HQ', NULL, NULL, NULL, 
    NULL, 'JKPTG (HQ)');
Insert into TBLRUJKATEGORITINDAKAN
   (ID_KATEGORITINDAKAN, KATEGORITINDAKAN, ID_MASUK, ID_KEMASKINI, TARIKH_MASUK, 
    TARIKH_KEMASKINI, KATEGORITINDAKAN_ENG)
 Values
   (16172, 'JKPTG NEGERI', NULL, NULL, NULL, 
    NULL, 'JKPTG (STATE)');
Insert into TBLRUJKATEGORITINDAKAN
   (ID_KATEGORITINDAKAN, KATEGORITINDAKAN, ID_MASUK, ID_KEMASKINI, TARIKH_MASUK, 
    TARIKH_KEMASKINI, KATEGORITINDAKAN_ENG)
 Values
   (16173, 'PTG', NULL, NULL, NULL, 
    NULL, 'PTG');
Insert into TBLRUJKATEGORITINDAKAN
   (ID_KATEGORITINDAKAN, KATEGORITINDAKAN, ID_MASUK, ID_KEMASKINI, TARIKH_MASUK, 
    TARIKH_KEMASKINI, KATEGORITINDAKAN_ENG)
 Values
   (16174, 'PTD', NULL, NULL, NULL, 
    NULL, 'PTD');
Insert into TBLRUJKATEGORITINDAKAN
   (ID_KATEGORITINDAKAN, KATEGORITINDAKAN, ID_MASUK, ID_KEMASKINI, TARIKH_MASUK, 
    TARIKH_KEMASKINI, KATEGORITINDAKAN_ENG)
 Values
   (16175, 'AGENSI LAIN', NULL, NULL, NULL, 
    NULL, 'OTHER AGENCY');
Insert into TBLRUJKATEGORITINDAKAN
   (ID_KATEGORITINDAKAN, KATEGORITINDAKAN, ID_MASUK, ID_KEMASKINI, TARIKH_MASUK, 
    TARIKH_KEMASKINI, KATEGORITINDAKAN_ENG)
 Values
   (16176, 'UNIT INTERGRITI', NULL, NULL, NULL, 
    NULL, 'UNIT INTERGRITI');
    
  
INSERT INTO TBLRUJJAM (JAM) VALUES ('01');
INSERT INTO TBLRUJJAM (JAM) VALUES ('02');
INSERT INTO TBLRUJJAM (JAM) VALUES ('03');
INSERT INTO TBLRUJJAM (JAM) VALUES ('04');
INSERT INTO TBLRUJJAM (JAM) VALUES ('05');
INSERT INTO TBLRUJJAM (JAM) VALUES ('06');
INSERT INTO TBLRUJJAM (JAM) VALUES ('07');
INSERT INTO TBLRUJJAM (JAM) VALUES ('08');
INSERT INTO TBLRUJJAM (JAM) VALUES ('09');
INSERT INTO TBLRUJJAM (JAM) VALUES ('10');
INSERT INTO TBLRUJJAM (JAM) VALUES ('11');
INSERT INTO TBLRUJJAM (JAM) VALUES ('12');






CREATE TABLE TBLRUJJAM
(
	JAM VARCHAR2(2 CHAR)
)
TABLESPACE ETAPP01
PCTUSED    0
PCTFREE    10
INITRANS   1
MAXTRANS   255
STORAGE    (
            INITIAL          2M
            MINEXTENTS       1
            MAXEXTENTS       UNLIMITED
            PCTINCREASE      0
            BUFFER_POOL      DEFAULT
           )
LOGGING 
NOCOMPRESS 
NOCACHE
NOPARALLEL
MONITORING;

ALTER TABLE TBLRUJJAM ADD (
  CONSTRAINT TBLRUJJAM_PK
 PRIMARY KEY
 (JAM));
 

 
 
 
 
CREATE TABLE TBLRUJMINIT
(
	MINIT VARCHAR2(2 CHAR)
)
TABLESPACE ETAPP01
PCTUSED    0
PCTFREE    10
INITRANS   1
MAXTRANS   255
STORAGE    (
            INITIAL          2M
            MINEXTENTS       1
            MAXEXTENTS       UNLIMITED
            PCTINCREASE      0
            BUFFER_POOL      DEFAULT
           )
LOGGING 
NOCOMPRESS 
NOCACHE
NOPARALLEL
MONITORING;

ALTER TABLE TBLRUJMINIT ADD (
  CONSTRAINT TBLRUJMINIT_PK
 PRIMARY KEY
 (MINIT));
 
 
INSERT INTO TBLRUJMINIT (MINIT) VALUES ('01');
INSERT INTO TBLRUJMINIT (MINIT) VALUES ('02');
INSERT INTO TBLRUJMINIT (MINIT) VALUES ('03');
INSERT INTO TBLRUJMINIT (MINIT) VALUES ('04');
INSERT INTO TBLRUJMINIT (MINIT) VALUES ('05');
INSERT INTO TBLRUJMINIT (MINIT) VALUES ('06');
INSERT INTO TBLRUJMINIT (MINIT) VALUES ('07');
INSERT INTO TBLRUJMINIT (MINIT) VALUES ('08');
INSERT INTO TBLRUJMINIT (MINIT) VALUES ('09');
INSERT INTO TBLRUJMINIT (MINIT) VALUES ('10');
INSERT INTO TBLRUJMINIT (MINIT) VALUES ('11');
INSERT INTO TBLRUJMINIT (MINIT) VALUES ('12');
INSERT INTO TBLRUJMINIT (MINIT) VALUES ('13');
INSERT INTO TBLRUJMINIT (MINIT) VALUES ('14');
INSERT INTO TBLRUJMINIT (MINIT) VALUES ('15');
INSERT INTO TBLRUJMINIT (MINIT) VALUES ('16');
INSERT INTO TBLRUJMINIT (MINIT) VALUES ('17');
INSERT INTO TBLRUJMINIT (MINIT) VALUES ('18');
INSERT INTO TBLRUJMINIT (MINIT) VALUES ('19');
INSERT INTO TBLRUJMINIT (MINIT) VALUES ('20');
INSERT INTO TBLRUJMINIT (MINIT) VALUES ('21');
INSERT INTO TBLRUJMINIT (MINIT) VALUES ('22');
INSERT INTO TBLRUJMINIT (MINIT) VALUES ('23');
INSERT INTO TBLRUJMINIT (MINIT) VALUES ('24');
INSERT INTO TBLRUJMINIT (MINIT) VALUES ('25');
INSERT INTO TBLRUJMINIT (MINIT) VALUES ('26');
INSERT INTO TBLRUJMINIT (MINIT) VALUES ('27');
INSERT INTO TBLRUJMINIT (MINIT) VALUES ('28');
INSERT INTO TBLRUJMINIT (MINIT) VALUES ('29');
INSERT INTO TBLRUJMINIT (MINIT) VALUES ('30');
INSERT INTO TBLRUJMINIT (MINIT) VALUES ('31');
INSERT INTO TBLRUJMINIT (MINIT) VALUES ('32');
INSERT INTO TBLRUJMINIT (MINIT) VALUES ('33');
INSERT INTO TBLRUJMINIT (MINIT) VALUES ('34');
INSERT INTO TBLRUJMINIT (MINIT) VALUES ('35');
INSERT INTO TBLRUJMINIT (MINIT) VALUES ('36');
INSERT INTO TBLRUJMINIT (MINIT) VALUES ('37');
INSERT INTO TBLRUJMINIT (MINIT) VALUES ('38');
INSERT INTO TBLRUJMINIT (MINIT) VALUES ('39');
INSERT INTO TBLRUJMINIT (MINIT) VALUES ('40');
INSERT INTO TBLRUJMINIT (MINIT) VALUES ('41');
INSERT INTO TBLRUJMINIT (MINIT) VALUES ('42');
INSERT INTO TBLRUJMINIT (MINIT) VALUES ('43');
INSERT INTO TBLRUJMINIT (MINIT) VALUES ('44');
INSERT INTO TBLRUJMINIT (MINIT) VALUES ('45');
INSERT INTO TBLRUJMINIT (MINIT) VALUES ('46');
INSERT INTO TBLRUJMINIT (MINIT) VALUES ('47');
INSERT INTO TBLRUJMINIT (MINIT) VALUES ('48');
INSERT INTO TBLRUJMINIT (MINIT) VALUES ('49');
INSERT INTO TBLRUJMINIT (MINIT) VALUES ('50');
INSERT INTO TBLRUJMINIT (MINIT) VALUES ('51');
INSERT INTO TBLRUJMINIT (MINIT) VALUES ('52');
INSERT INTO TBLRUJMINIT (MINIT) VALUES ('53');
INSERT INTO TBLRUJMINIT (MINIT) VALUES ('54');
INSERT INTO TBLRUJMINIT (MINIT) VALUES ('55');
INSERT INTO TBLRUJMINIT (MINIT) VALUES ('56');
INSERT INTO TBLRUJMINIT (MINIT) VALUES ('57');
INSERT INTO TBLRUJMINIT (MINIT) VALUES ('58');
INSERT INTO TBLRUJMINIT (MINIT) VALUES ('59');
INSERT INTO TBLRUJMINIT (MINIT) VALUES ('00');

 


CREATE TABLE TBLRUJSEQNOADUANPUBLIC
(
  TAHUN       VARCHAR2(4 BYTE),
  NO_TURUTAN  NUMBER
)
TABLESPACE ETAPP01
PCTUSED    0
PCTFREE    10
INITRANS   1
MAXTRANS   255
STORAGE    (
            INITIAL          64K
            MINEXTENTS       1
            MAXEXTENTS       UNLIMITED
            PCTINCREASE      0
            BUFFER_POOL      DEFAULT
           )
LOGGING 
NOCOMPRESS 
NOCACHE
NOPARALLEL
MONITORING;



Insert into TBLRUJJENISESADUAN
   (ID_JENISADUAN, KOD_JENIS_ADUAN, JENIS_ADUAN)
 Values
   (16104, '04', 'PUJIAN');
   
   
   ALTER TABLE
   TBLRUJSTATUSESADUAN
   ADD
   (
   KETERANGAN_ENG  VARCHAR(300)
   );
   
   
DELETE FROM TBLRUJSTATUSESADUAN;   
   
Insert into TBLRUJSTATUSESADUAN
   (ID_STATUSESADUAN, KOD_STATUSESADUAN, KETERANGAN, ID_MASUK, ID_KEMASKINI, 
    TARIKH_MASUK, TARIKH_KEMASKINI, ID_SEKSYEN, KETERANGAN_ENG)
 Values
   (16121, '01', 'LOG BARU', 1, NULL, 
    NULL, NULL, NULL, 'NEW LOG');
Insert into TBLRUJSTATUSESADUAN
   (ID_STATUSESADUAN, KOD_STATUSESADUAN, KETERANGAN, ID_MASUK, ID_KEMASKINI, 
    TARIKH_MASUK, TARIKH_KEMASKINI, ID_SEKSYEN, KETERANGAN_ENG)
 Values
   (16122, '02', 'DALAM TINDAKAN', 1, NULL, 
    NULL, NULL, NULL, 'IN PROGRESS');
Insert into TBLRUJSTATUSESADUAN
   (ID_STATUSESADUAN, KOD_STATUSESADUAN, KETERANGAN, ID_MASUK, ID_KEMASKINI, 
    TARIKH_MASUK, TARIKH_KEMASKINI, ID_SEKSYEN, KETERANGAN_ENG)
 Values
   (16123, '03', 'SELESAI', 1, NULL, 
    NULL, NULL, NULL, 'COMPLETE');
Insert into TBLRUJSTATUSESADUAN
   (ID_STATUSESADUAN, KOD_STATUSESADUAN, KETERANGAN, ID_MASUK, ID_KEMASKINI, 
    TARIKH_MASUK, TARIKH_KEMASKINI, ID_SEKSYEN, KETERANGAN_ENG)
 Values
   (16124, '04', 'LOG DITOLAK', 1, NULL, 
    NULL, NULL, NULL, 'REJECT');
Insert into TBLRUJSTATUSESADUAN
   (ID_STATUSESADUAN, KOD_STATUSESADUAN, KETERANGAN, ID_MASUK, ID_KEMASKINI, 
    TARIKH_MASUK, TARIKH_KEMASKINI, ID_SEKSYEN, KETERANGAN_ENG)
 Values
   (16125, '05', 'DERAF', 1, NULL, 
    NULL, NULL, NULL, 'DRAFT');
   
   
   
   
   
   
   ALTER TABLE
   TBLRUJSUMBERESADUAN
   ADD
   (
   NAMA_SUMBER_ENG  VARCHAR(300)
   );
   
DELETE FROM TBLRUJSUMBERESADUAN; 
   
   Insert into TBLRUJSUMBERESADUAN
   (ID_SUMBERADUAN, KOD_SUMBER, NAMA_SUMBER, ID_MASUK, TARIKH_MASUK, 
    ID_KEMASKINI, TARIKH_KEMASKINI, NAMA_SUMBER_ENG)
 Values
   (16101, '01', 'eTaPP', NULL, NULL, 
    NULL, NULL, 'MyeTaPP');
Insert into TBLRUJSUMBERESADUAN
   (ID_SUMBERADUAN, KOD_SUMBER, NAMA_SUMBER, ID_MASUK, TARIKH_MASUK, 
    ID_KEMASKINI, TARIKH_KEMASKINI, NAMA_SUMBER_ENG)
 Values
   (16102, '02', 'E-MEL', NULL, NULL, 
    NULL, NULL, 'EMAIL');
Insert into TBLRUJSUMBERESADUAN
   (ID_SUMBERADUAN, KOD_SUMBER, NAMA_SUMBER, ID_MASUK, TARIKH_MASUK, 
    ID_KEMASKINI, TARIKH_KEMASKINI, NAMA_SUMBER_ENG)
 Values
   (16103, '04', 'HARI BERTEMU PELANGGAN', NULL, NULL, 
    NULL, NULL, 'MEET THE CLIENT DAY');
Insert into TBLRUJSUMBERESADUAN
   (ID_SUMBERADUAN, KOD_SUMBER, NAMA_SUMBER, ID_MASUK, TARIKH_MASUK, 
    ID_KEMASKINI, TARIKH_KEMASKINI, NAMA_SUMBER_ENG)
 Values
   (161021, '03', 'SMS', NULL, NULL, 
    NULL, NULL, 'SMS');
Insert into TBLRUJSUMBERESADUAN
   (ID_SUMBERADUAN, KOD_SUMBER, NAMA_SUMBER, ID_MASUK, TARIKH_MASUK, 
    ID_KEMASKINI, TARIKH_KEMASKINI, NAMA_SUMBER_ENG)
 Values
   (161022, '05', 'HADIR SENDIRI', NULL, NULL, 
    NULL, NULL, 'WALK IN');
Insert into TBLRUJSUMBERESADUAN
   (ID_SUMBERADUAN, KOD_SUMBER, NAMA_SUMBER, ID_MASUK, TARIKH_MASUK, 
    ID_KEMASKINI, TARIKH_KEMASKINI, NAMA_SUMBER_ENG)
 Values
   (161023, '06', 'SURAT/FAKS', NULL, NULL, 
    NULL, NULL, 'LETTER / FAX');
Insert into TBLRUJSUMBERESADUAN
   (ID_SUMBERADUAN, KOD_SUMBER, NAMA_SUMBER, ID_MASUK, TARIKH_MASUK, 
    ID_KEMASKINI, TARIKH_KEMASKINI, NAMA_SUMBER_ENG)
 Values
   (161024, '07', 'TELEFON', NULL, NULL, 
    NULL, NULL, 'TELEPHONE');
Insert into TBLRUJSUMBERESADUAN
   (ID_SUMBERADUAN, KOD_SUMBER, NAMA_SUMBER, ID_MASUK, TARIKH_MASUK, 
    ID_KEMASKINI, TARIKH_KEMASKINI, NAMA_SUMBER_ENG)
 Values
   (161025, '08', 'BORANG KAUNTER ADUAN JABATAN', NULL, NULL, 
    NULL, NULL, 'COMPLAINT FORM');
Insert into TBLRUJSUMBERESADUAN
   (ID_SUMBERADUAN, KOD_SUMBER, NAMA_SUMBER, ID_MASUK, TARIKH_MASUK, 
    ID_KEMASKINI, TARIKH_KEMASKINI, NAMA_SUMBER_ENG)
 Values
   (161026, '09', 'SURAT KHABAR', NULL, NULL, 
    NULL, NULL, 'NEWSPAPER');
Insert into TBLRUJSUMBERESADUAN
   (ID_SUMBERADUAN, KOD_SUMBER, NAMA_SUMBER, ID_MASUK, TARIKH_MASUK, 
    ID_KEMASKINI, TARIKH_KEMASKINI, NAMA_SUMBER_ENG)
 Values
   (161027, '10', 'BIRO PENGADUAN AWAM', NULL, NULL, 
    NULL, NULL, 'PUBLIC COMPLAINTS BUREAU');
Insert into TBLRUJSUMBERESADUAN
   (ID_SUMBERADUAN, KOD_SUMBER, NAMA_SUMBER, ID_MASUK, TARIKH_MASUK, 
    ID_KEMASKINI, TARIKH_KEMASKINI, NAMA_SUMBER_ENG)
 Values
   (161028, '11', 'PEMUDAH', NULL, NULL, 
    NULL, NULL, 'PEMUDAH');
Insert into TBLRUJSUMBERESADUAN
   (ID_SUMBERADUAN, KOD_SUMBER, NAMA_SUMBER, ID_MASUK, TARIKH_MASUK, 
    ID_KEMASKINI, TARIKH_KEMASKINI, NAMA_SUMBER_ENG)
 Values
   (161029, '99', 'LAIN-LAIN', NULL, NULL, 
    NULL, NULL, 'OTHERS');
   
   
   ALTER TABLE
   TBLRUJJENISESADUAN
   ADD
   (
   JENIS_ADUAN_ENG  VARCHAR(300)
   );
   
   DELETE FROM TBLRUJJENISESADUAN;
   
   Insert into TBLRUJJENISESADUAN
   (ID_JENISADUAN, KOD_JENIS_ADUAN, JENIS_ADUAN, JENIS_ADUAN_ENG)
 Values
   (16104, '04', 'PUJIAN', 'PRAISE');
Insert into TBLRUJJENISESADUAN
   (ID_JENISADUAN, KOD_JENIS_ADUAN, JENIS_ADUAN, JENIS_ADUAN_ENG)
 Values
   (161021, '03', 'PERTANYAAN', 'QUESTION');
Insert into TBLRUJJENISESADUAN
   (ID_JENISADUAN, KOD_JENIS_ADUAN, JENIS_ADUAN, JENIS_ADUAN_ENG)
 Values
   (16101, '01', 'ADUAN', 'COMPLAINT');
Insert into TBLRUJJENISESADUAN
   (ID_JENISADUAN, KOD_JENIS_ADUAN, JENIS_ADUAN, JENIS_ADUAN_ENG)
 Values
   (16102, '02', 'CADANGAN/PENAMBAHBAIKAN', 'SUGGESTIONS FOR IMPROVEMENT');
Insert into TBLRUJJENISESADUAN
   (ID_JENISADUAN, KOD_JENIS_ADUAN, JENIS_ADUAN, JENIS_ADUAN_ENG)
 Values
   (16103, '99', 'LAIN-LAIN', 'OTHERS');

   
   
Insert into ROLE
   (NAME, DESCRIPTION, THEME, ROLE_DETAILS)
 Values
   ('wakil_bahagian_aduan', 'WAKIL BAHAGIAN', 'eTapp_PLA.css', 'PENGGUNA MEWAKILI BAHAGIAN UNTUK MENJAWAB ATAU MENERIMA ADUAN YANG DISALURKAN OLEH UNIT INTERGRITI');

Insert into ROLE
   (NAME, DESCRIPTION, THEME, ROLE_DETAILS)
 Values
   ('user_unit_intergriti', 'PENGGUNA UNIT INTERGRITI', 'eTapp_PLA.css', 'PENGGUNA UNIT INTERGRITI');


   
   

ALTER TABLE TBLADUANPUBLIC
   ADD
   (
   MAKLUMBALAS_UI  VARCHAR(4000),
   MAKLUMBALAS_BAHAGIAN  VARCHAR(4000)
   );

   
   
   
   CREATE SEQUENCE TBLRUJSTATUSADUANPUBLIC_SEQ
  START WITH 1
  MAXVALUE 999999999
  MINVALUE 1
  NOCYCLE
  NOCACHE
  ORDER;

CREATE TABLE TBLRUJSTATUSADUANPUBLIC
(
  ID_STATUS   NUMBER CONSTRAINT TBLRUJSTATUSADUANPUBLIC_C01 NOT NULL,
  KOD_STATUS VARCHAR2(60 BYTE),
  LANGKAH       NUMBER,
  KETERANGAN         VARCHAR2(300 BYTE),
  KETERANGAN_ENG     VARCHAR2(300 BYTE),
  ID_MASUK           NUMBER,
  ID_KEMASKINI       NUMBER,
  TARIKH_MASUK       DATE,
  TARIKH_KEMASKINI   DATE
  
)
TABLESPACE ETAPP01
PCTUSED    0
PCTFREE    10
INITRANS   1
MAXTRANS   255
STORAGE    (
            INITIAL          64K
            MINEXTENTS       1
            MAXEXTENTS       UNLIMITED
            PCTINCREASE      0
            BUFFER_POOL      DEFAULT
           )
LOGGING 
NOCOMPRESS 
NOCACHE
NOPARALLEL
MONITORING;


ALTER TABLE TBLRUJSTATUSADUANPUBLIC ADD (
  CONSTRAINT TBLRUJSTATUSADUANPUBLIC_PK
 PRIMARY KEY
 (ID_STATUS));
 
CREATE OR REPLACE TRIGGER TBLRUJSTATUSADUANPUBLIC_BI    
before insert on     TBLRUJSTATUSADUANPUBLIC    for each row
begin    if :new.ID_STATUS    is null    then SELECT (SELECT kod_negeri FROM tbllookupstate) || TO_CHAR (SYSDATE, 'YY') || TBLRUJSTATUSADUANPUBLIC_SEQ.NEXTVAL into :new.ID_STATUS from dual; end if;    end;
/




Insert into TBLRUJSTATUSADUANPUBLIC
   (ID_STATUS, KOD_STATUS, KETERANGAN, ID_MASUK, ID_KEMASKINI, 
    TARIKH_MASUK, TARIKH_KEMASKINI, KETERANGAN_ENG,LANGKAH)
 Values
   (16121, '01', 'LOG BARU', NULL, 
    NULL, NULL, NULL, 'NEW LOG',2);    
Insert into TBLRUJSTATUSADUANPUBLIC
   (ID_STATUS, KOD_STATUS, KETERANGAN, ID_MASUK, ID_KEMASKINI, 
    TARIKH_MASUK, TARIKH_KEMASKINI, KETERANGAN_ENG,LANGKAH)
 Values
   (16122, '02', 'DALAM TINDAKAN UNIT INTERGRITI', NULL, 
    NULL, NULL, NULL, 'UNIT INTERGRITI IN ACTION',3);
Insert into TBLRUJSTATUSADUANPUBLIC
   (ID_STATUS, KOD_STATUS, KETERANGAN, ID_MASUK, ID_KEMASKINI, 
    TARIKH_MASUK, TARIKH_KEMASKINI, KETERANGAN_ENG,LANGKAH)
 Values
   (16123, '03', 'SELESAI',  NULL, 
    NULL, NULL, NULL, 'COMPLETE',6);
Insert into TBLRUJSTATUSADUANPUBLIC
   (ID_STATUS, KOD_STATUS, KETERANGAN, ID_MASUK, ID_KEMASKINI, 
    TARIKH_MASUK, TARIKH_KEMASKINI, KETERANGAN_ENG,LANGKAH)
 Values
   (16124, '04', 'LOG DITOLAK', NULL, 
    NULL, NULL, NULL, 'REJECT',7);
Insert into TBLRUJSTATUSADUANPUBLIC
   (ID_STATUS, KOD_STATUS, KETERANGAN, ID_MASUK, ID_KEMASKINI, 
    TARIKH_MASUK, TARIKH_KEMASKINI, KETERANGAN_ENG,LANGKAH)
 Values
   (16125, '05', 'DERAF', NULL, 
    NULL, NULL, NULL, 'DRAFT',1);
Insert into TBLRUJSTATUSADUANPUBLIC
   (ID_STATUS, KOD_STATUS, KETERANGAN, ID_MASUK, ID_KEMASKINI, 
    TARIKH_MASUK, TARIKH_KEMASKINI, KETERANGAN_ENG,LANGKAH)
 Values
   (16126, '06', 'HANTAR KE BAHAGIAN', NULL, 
    NULL, NULL, NULL, 'SEND TO SECTION',4);
Insert into TBLRUJSTATUSADUANPUBLIC
   (ID_STATUS, KOD_STATUS, KETERANGAN, ID_MASUK, ID_KEMASKINI, 
    TARIKH_MASUK, TARIKH_KEMASKINI, KETERANGAN_ENG,LANGKAH)
 Values
   (16127, '07', 'DALAM TINDAKAN BAHAGIAN', NULL, 
    NULL, NULL, NULL, 'SECTION IN ACTION',5);
    
    
CREATE SEQUENCE TBLKRONOLOGIADUANPUBLIC_SEQ
  START WITH 1
  MAXVALUE 999999999
  MINVALUE 1
  NOCYCLE
  NOCACHE
  ORDER;

CREATE TABLE TBLKRONOLOGIADUANPUBLIC
(
  ID_KRONOLOGI   NUMBER CONSTRAINT TBLKRONOLOGIADUANPUBLIC_C01 NOT NULL,
  ID_ADUANPUBLIC           NUMBER,
  ID_STATUS           NUMBER,
  FLAG_AKTIF           NUMBER,
  ID_MASUK           NUMBER,
  TARIKH_MASUK       DATE
  
)
TABLESPACE ETAPP01
PCTUSED    0
PCTFREE    10
INITRANS   1
MAXTRANS   255
STORAGE    (
            INITIAL          64K
            MINEXTENTS       1
            MAXEXTENTS       UNLIMITED
            PCTINCREASE      0
            BUFFER_POOL      DEFAULT
           )
LOGGING 
NOCOMPRESS 
NOCACHE
NOPARALLEL
MONITORING;


ALTER TABLE TBLKRONOLOGIADUANPUBLIC ADD (
  CONSTRAINT TBLKRONOLOGIADUANPUBLIC_PK
 PRIMARY KEY
 (ID_KRONOLOGI));
 
CREATE OR REPLACE TRIGGER TBLKRONOLOGIADUANPUBLIC_BI    
before insert on     TBLKRONOLOGIADUANPUBLIC    for each row
begin    if :new.ID_KRONOLOGI    is null    then SELECT (SELECT kod_negeri FROM tbllookupstate) || TO_CHAR (SYSDATE, 'YY') || TBLKRONOLOGIADUANPUBLIC_SEQ.NEXTVAL into :new.ID_KRONOLOGI from dual; end if;    end;
/
   
    

   
//------------------------------------------------------------- 15/06/2017

ALTER TABLE
   TBLADUANPUBLIC
   ADD
   (
   FLAG_SEMENTARA VARCHAR(1)--LOG SEMENTARA SEBELUM SEND TO BAHAGIAN
   );

ALTER TABLE
   TBLADUANPUBLIC
   ADD
   (
   ID_KATEGORIPERTANYAAN NUMBER
   );
   
   ALTER TABLE
   TBLADUANPUBLIC
   ADD
   (
   EMEL_BAHAGIAN_1 VARCHAR(500),
   EMEL_BAHAGIAN_2 VARCHAR(500),
   EMEL_BAHAGIAN_3 VARCHAR(500),
   EMEL_BAHAGIAN_4 VARCHAR(500)
   );
   
 ALTER TABLE
   TBLADUANPUBLIC
   ADD
   (
   FLAG_LUAR_TINDAKAN VARCHAR(1)
   );  

CREATE SEQUENCE TBLRUJKATEGORIPERTANYAAN_SEQ
  START WITH 1
  MAXVALUE 999999999
  MINVALUE 1
  NOCYCLE
  NOCACHE
  ORDER;
  
CREATE TABLE TBLRUJKATEGORIPERTANYAAN
(
    ID_KATEGORIPERTANYAAN NUMBER(38),--SEQ    
    KATEGORIPERTANYAAN VARCHAR2(300 BYTE),
    KATEGORIPERTANYAAN_ENG VARCHAR2(300 BYTE),
    ID_MASUK NUMBER,
    ID_KEMASKINI NUMBER,
    TARIKH_MASUK DATE,
    TARIKH_KEMASKINI DATE  
)
TABLESPACE ETAPP01
PCTUSED    0
PCTFREE    10
INITRANS   1
MAXTRANS   255
STORAGE    (
            INITIAL          2M
            MINEXTENTS       1
            MAXEXTENTS       UNLIMITED
            PCTINCREASE      0
            BUFFER_POOL      DEFAULT
           )
LOGGING 
NOCOMPRESS 
NOCACHE
NOPARALLEL
MONITORING;

ALTER TABLE TBLRUJKATEGORIPERTANYAAN ADD (
  CONSTRAINT TBLRUJKATEGORIPERTANYAAN_PK
 PRIMARY KEY
 (ID_KATEGORIPERTANYAAN));
 
CREATE OR REPLACE TRIGGER TBLRUJKATEGORIPERTANYAAN_BI    
before insert on     TBLRUJKATEGORIPERTANYAAN    for each row
begin    if :new.ID_KATEGORIPERTANYAAN    is null    then SELECT (SELECT kod_negeri FROM tbllookupstate) || TO_CHAR (SYSDATE, 'YY') || TBLRUJKATEGORIPERTANYAAN_SEQ.NEXTVAL into :new.ID_KATEGORIPERTANYAAN  from dual; end if;    end;
/

DELETE FROM TBLRUJKATEGORIPERTANYAAN;

Insert into TBLRUJKATEGORIPERTANYAAN
   (ID_KATEGORIPERTANYAAN, KATEGORIPERTANYAAN, ID_MASUK, ID_KEMASKINI, TARIKH_MASUK, 
    TARIKH_KEMASKINI, KATEGORIPERTANYAAN_ENG)
 Values
   (16171, 'PETANYAAN 1', NULL, NULL, NULL, 
    NULL, 'QUESTION 1');

Insert into TBLRUJKATEGORIPERTANYAAN
   (ID_KATEGORIPERTANYAAN, KATEGORIPERTANYAAN, ID_MASUK, ID_KEMASKINI, TARIKH_MASUK, 
    TARIKH_KEMASKINI, KATEGORIPERTANYAAN_ENG)
 Values
   (16172, 'PETANYAAN 2', NULL, NULL, NULL, 
    NULL, 'QUESTION 2');

    
    
   ALTER TABLE
   TBLADUANPUBLIC
   ADD
   (
   ID_KATEGORIPERTANYAAN NUMBER
   );
   
   
   
   ALTER TABLE
   TBLADUANPUBLIC
   ADD
   (
   EMEL_BAHAGIAN_1 VARCHAR(500),
   EMEL_BAHAGIAN_2 VARCHAR(500),
   EMEL_BAHAGIAN_3 VARCHAR(500),
   EMEL_BAHAGIAN_4 VARCHAR(500)
   );
   
   
   ALTER TABLE
   TBLADUANPUBLIC
   ADD
   (
   FLAG_SEMENTARA VARCHAR(1),
   FLAG_LUAR_TINDAKAN VARCHAR(1)
   ); 
   
   
   ALTER TABLE
   TBLRUJSEQNOADUANPUBLIC
   ADD
   (
   BULAN  VARCHAR2(2 BYTE)
   );
   
   
   Insert into TBLRUJKATEGORITINDAKAN
   (ID_KATEGORITINDAKAN, KATEGORITINDAKAN, ID_MASUK, ID_KEMASKINI, TARIKH_MASUK, 
    TARIKH_KEMASKINI, KATEGORITINDAKAN_ENG)
 Values
   (16177, 'JTS - SABAH', NULL, NULL, NULL, 
    NULL, 'JTS - SABAH');
    
    Insert into TBLRUJKATEGORITINDAKAN
   (ID_KATEGORITINDAKAN, KATEGORITINDAKAN, ID_MASUK, ID_KEMASKINI, TARIKH_MASUK, 
    TARIKH_KEMASKINI, KATEGORITINDAKAN_ENG)
 Values
   (16178, 'JTS - SARAWAK', NULL, NULL, NULL, 
    NULL, 'JTS - SARAWAK');
    
    Insert into TBLRUJKATEGORITINDAKAN
   (ID_KATEGORITINDAKAN, KATEGORITINDAKAN, ID_MASUK, ID_KEMASKINI, TARIKH_MASUK, 
    TARIKH_KEMASKINI, KATEGORITINDAKAN_ENG)
 Values
   (16179, 'LAIN-LAIN', NULL, NULL, NULL, 
    NULL, 'OTHERS');
   
    
    
   ALTER TABLE
   TBLADUANPUBLIC
   ADD
   (
   ID_PEJABATTANAH NUMBER,
   ID_NEGERI_PT NUMBER,
   ID_DAERAH_PT NUMBER
   ); 
   
   ALTER TABLE
   TBLADUANPUBLICLAMPIRAN
   ADD
   (
   DOC_TYPE  VARCHAR2(50 BYTE)
   ); 
   
   
   Insert into PAGE_CSS
   (CSS_TITLE, CSS_NAME, CONTENT, NAMA_DOC, JENIS_MIME)
 Values
   ('ETAPP ADUAN', 'eTapp_Aduan.css', NULL, NULL, NULL);
   
   
   UPDATE ROLE SET THEME = 'eTapp_Aduan.css' WHERE NAME = 'wakil_bahagian_aduan';
   UPDATE ROLE SET THEME = 'eTapp_Aduan.css' WHERE NAME = 'user_unit_intergriti';
   
   
   
    Insert into TBLRUJKATEGORIADUANPUBLIC
   (ID_KATEGORIADUANPUBLIC, KATEGORIADUAN, ID_MASUK, ID_KEMASKINI, TARIKH_MASUK, 
    TARIKH_KEMASKINI, KATEGORIADUAN_ENG)
 Values
   (16179, 'KAWASAN/TANAH TERBIAR', NULL, NULL, NULL, 
    NULL, 'WASTED LAND OR AREA');
    
    
    
   /*tambah field 27/08/2017*/    
   ALTER TABLE
   TBLADUANPUBLICLAMPIRAN
   ADD
   (
   CONTENT_BASE64 CLOB
   );
   
   
